RefSNP,Locus,ID,nt,Ref,Alt,1/0 Frequency,0/1 Frequency,1/1 Frequency,0/0 Frequency,Total Frequency,Heterozygous Percentage,Homozygous Ref Percentage,Homozygous Alt Percentage,Heterozygous nt Percentage,Homozygous nt Percentage
rs10967976,27544945,H,G,G,A,0,47,0,36,83,56.62650602409639,43.373493975903614,0.0,56.62650602409639,43.373493975903614
rs812858,27545469,G,T,C,T,0,67,15,1,83,80.72289156626506,1.2048192771084338,18.072289156626507,80.72289156626506,18.072289156626507
rs2453565,27551042,F,C,C,T,0,67,15,1,83,80.72289156626506,1.2048192771084338,18.072289156626507,80.72289156626506,1.2048192771084338
rs12349820,27553878,E,T,T,C,0,20,0,63,83,24.096385542168676,75.90361445783132,0.0,24.096385542168676,75.90361445783132
rs774356,27559723,D,C,T,C,0,67,16,0,83,80.72289156626506,0.0,19.27710843373494,80.72289156626506,19.27710843373494
rs774359,27561051,C,C,T,C,0,67,16,0,83,80.72289156626506,0.0,19.27710843373494,80.72289156626506,19.27710843373494
rs2492816,27565107,B,A,G,A,0,50,33,0,83,60.24096385542169,0.0,39.75903614457831,60.24096385542169,39.75903614457831
rs142843265,27565220,A,A,AAG,A,0,67,16,0,83,80.72289156626506,0.0,19.27710843373494,80.72289156626506,19.27710843373494
rs2453557,27575465,7,C,T,C,0,39,40,4,83,46.98795180722892,4.819277108433735,48.19277108433735,46.98795180722892,48.19277108433735
rs12345062,27578079,6,A,G,A,0,42,37,4,83,50.602409638554214,4.819277108433735,44.57831325301205,50.602409638554214,44.57831325301205
rs2484322,27578937,5,G,T,G,0,40,39,4,83,48.19277108433735,4.819277108433735,46.98795180722892,48.19277108433735,46.98795180722892
rs12350076,27580676,4,C,A,C,0,40,39,4,83,48.19277108433735,4.819277108433735,46.98795180722892,48.19277108433735,46.98795180722892
rs2783010,27581241,3,C,T,C,0,42,37,4,83,50.602409638554214,4.819277108433735,44.57831325301205,50.602409638554214,44.57831325301205
rs2814706,27581251,3,A,G,A,0,42,37,4,83,50.602409638554214,4.819277108433735,44.57831325301205,50.602409638554214,44.57831325301205
rs36062268,27585699,2,A,G,A,0,42,3,38,83,50.602409638554214,45.78313253012048,3.614457831325301,50.602409638554214,3.614457831325301
rs2453556,27586164,1,G,A,G,0,49,29,5,83,59.036144578313255,6.024096385542169,34.93975903614458,59.036144578313255,34.93975903614458
