RefSNP,Locus,ID,nt,Ref,Alt,1/0 Frequency,0/1 Frequency,1/1 Frequency,0/0 Frequency,Total Frequency,Heterozygous Percentage,Homozygous Ref Percentage,Homozygous Alt Percentage,Heterozygous nt Percentage,Homozygous nt Percentage
rs10967976,27544945,H,G,G,A,646,617,694,1245,3202,39.44409743910056,38.88194878201124,21.673953778888194,39.44409743910056,38.88194878201124
rs812858,27545469,G,T,C,T,390,441,95,2276,3202,25.952529668956902,71.08057464084948,2.966895690193629,25.952529668956902,2.966895690193629
rs2453565,27551042,F,C,C,T,398,439,99,2266,3202,26.139912554653343,70.7682698313554,3.0918176139912554,26.139912554653343,70.7682698313554
rs12349820,27553878,E,T,T,C,433,404,103,2262,3202,26.139912554653343,70.64334790755777,3.216739537788882,26.139912554653343,70.64334790755777
rs774356,27559723,D,C,T,C,454,504,135,2109,3202,29.918800749531542,65.86508432229856,4.216114928169894,29.918800749531542,4.216114928169894
rs774359,27561051,C,C,T,C,455,505,136,2106,3202,29.981261711430356,65.77139287945035,4.2473454091193,29.981261711430356,4.2473454091193
rs2492816,27565107,B,A,G,A,741,764,526,1171,3202,47.001873828856965,36.570893191755154,16.42723297938788,47.001873828856965,16.42723297938788
rs142843265,27565220,A,A,AAG,A,399,442,106,2255,3202,26.264834478450965,70.42473454091193,3.3104309806371015,26.264834478450965,3.3104309806371015
rs2453557,27575465,7,C,T,C,758,786,882,776,3202,48.219862585883824,24.234853216739538,27.545284197376642,48.219862585883824,27.545284197376642
rs12345062,27578079,6,A,G,A,696,728,441,1337,3202,44.47220487195503,41.75515302935665,13.772642098688321,44.47220487195503,13.772642098688321
rs2484322,27578937,5,G,T,G,699,728,574,1201,3202,44.56589631480325,37.50780762023735,17.926296064959402,44.56589631480325,17.926296064959402
rs12350076,27580676,4,C,A,C,770,816,714,902,3202,49.5315427857589,28.169893816364773,22.29856339787633,49.5315427857589,22.29856339787633
rs2783010,27581241,3,C,T,C,751,788,748,915,3202,48.063710181136784,28.57589006870706,23.36039975015615,48.063710181136784,23.36039975015615
rs2814706,27581251,3,A,G,A,754,777,804,867,3202,47.81386633354154,27.07682698313554,25.109306683322924,47.81386633354154,25.109306683322924
rs36062268,27585699,2,A,G,A,223,178,30,2771,3202,12.523422860712055,86.53966271080574,0.9369144284821986,12.523422860712055,0.9369144284821986
rs2453556,27586164,1,G,A,G,747,754,708,993,3202,46.876951905059336,31.01186758276078,22.11118051217989,46.876951905059336,22.11118051217989
